Key1,Key2,Key3,Loc,Pop,rape100k,violentcrime100k,murder100k,robbery100k,assault100k,property100k,burglary100k,larceny100k,auto100k
Total area actually reporting,Estimated total,"Rate per 100,000 inhabitants","San Juan-Carolina-Caguas, Puerto Rico M.S.A.",2284266,0.7,312.7,28.7,216.8,66.6,1503.1,371.2,921.1,210.8
Total area actually reporting,Estimated total,"Rate per 100,000 inhabitants","Guayama, Puerto Rico M.S.A.",82061,1.2,248.6,24.4,70.7,152.3,1313.7,527.7,749.4,36.6
Total area actually reporting,Estimated total,"Rate per 100,000 inhabitants","Ponce, Puerto Rico M.S.A.",333527,0.9,196.4,23.4,108.2,63.9,977.7,280.9,641.6,55.2
Total area actually reporting,Estimated total,"Rate per 100,000 inhabitants","Detroit-Dearborn-Livonia, MI M.D.",1786498,62.8,1047.8,20.4,328.7,635.9,3828.7,974,1986.2,868.4
Total area actually reporting,Estimated total,"Rate per 100,000 inhabitants","Mayaguez, Puerto Rico M.S.A.",101172,0,214.5,19.8,110.7,84,1679.3,611.8,987.4,80.1
Total area actually reporting,Estimated total,"Rate per 100,000 inhabitants","Saginaw, MI M.S.A.",198026,75.2,752.4,19.2,95.9,562,2174.5,693.3,1367.5,113.6
Total area actually reporting,Estimated total,"Rate per 100,000 inhabitants","New Orleans-Metairie, LA M.S.A.",1239126,25.9,473.9,19,145.7,283.3,3152.1,633.8,2233.5,284.9
Total area actually reporting,Estimated total,"Rate per 100,000 inhabitants","Springfield, IL M.S.A.",212387,74.4,767.9,16.5,165.3,511.8,3893.8,828.2,2685.2,380.4
Total area actually reporting,Estimated total,"Rate per 100,000 inhabitants","Arecibo, Puerto Rico M.S.A.",195036,0,136.4,13.8,84.1,38.5,1081.9,389.2,604,88.7
Total area actually reporting,Estimated total,"Rate per 100,000 inhabitants","Flint, MI M.S.A.",416606,81.9,721.1,13.7,167.8,457.7,2981.2,1098.4,1694.4,188.4
Total area actually reporting,Estimated total,"Rate per 100,000 inhabitants","Philadelphia, PA M.D.",2114504,69.1,937.7,13.1,395.7,459.7,3125.3,586.9,2232.8,305.6
Total area actually reporting,Estimated total,"Rate per 100,000 inhabitants","Gary, IN M.D.",708116,20.6,336.8,11.6,113.1,191.5,2964.9,598.8,2070.7,295.4
Total area actually reporting,Estimated total,"Rate per 100,000 inhabitants","Houma-Thibodaux, LA M.S.A.",209328,19.6,299.1,11,62.1,206.4,3219.8,675.5,2430.2,114.2
Total area actually reporting,Estimated total,"Rate per 100,000 inhabitants","Aguadilla-Isabela, Puerto Rico M.S.A.",328531,1.5,113.2,11,59.7,41.1,1010.3,466,511.4,32.9
Total area actually reporting,Estimated total,"Rate per 100,000 inhabitants","Salinas, CA M.S.A.",430882,19,416.4,10.9,152,234.4,2539,628,1400.8,510.1
Total area actually reporting,Estimated total,"Rate per 100,000 inhabitants","Trenton, NJ M.S.A.",369292,8.4,411.1,10.8,185.5,206.3,2028.5,524.2,1317.9,186.3
Total area actually reporting,Estimated total,"Rate per 100,000 inhabitants","Rocky Mount, NC M.S.A.",151852,15.8,539.3,10.5,125.1,387.9,3566.6,1213.7,2213.3,139.6
Total area actually reporting,Estimated total,"Rate per 100,000 inhabitants","Memphis, TN-MS-AR M.S.A.",1347803,45.8,993.4,10.3,257.3,680,4189.9,1195.8,2733.1,260.9
Total area actually reporting,Estimated total,"Rate per 100,000 inhabitants","Merced, CA M.S.A.",264498,29.5,587.9,10.2,87.3,460.9,3060.9,792.8,1760.7,507.4
Total area actually reporting,Estimated total,"Rate per 100,000 inhabitants","Baton Rouge, LA M.S.A.",819681,22,509.1,10.2,169.3,307.6,3800.3,966.4,2707.6,126.3
Total area actually reporting,Estimated total,"Rate per 100,000 inhabitants","Baltimore-Columbia-Towson, MD M.S.A.",2771247,23.3,633.4,10,227.4,372.5,3012.1,601.2,2155.2,255.7
Total area actually reporting,Estimated total,"Rate per 100,000 inhabitants","Jackson, MS M.S.A.",579868,26.6,377.8,10,171.6,169.7,2988.8,910,1830.6,248.2
Total area actually reporting,Estimated total,"Rate per 100,000 inhabitants","Macon, GA M.S.A.",232892,30.9,386.4,9.9,132.3,213.4,4781.6,1235.8,3196.8,349.1
Total area actually reporting,Estimated total,"Rate per 100,000 inhabitants","Savannah, GA M.S.A.",366493,18.6,316,9.8,136.4,151.2,3065.8,778.7,2049.7,237.4
Total area actually reporting,Estimated total,"Rate per 100,000 inhabitants","Hammond, LA M.S.A.",124208,45.9,875.1,9.7,125.6,694,5601.1,1949.1,3389.5,262.5
Total area actually reporting,Estimated total,"Rate per 100,000 inhabitants","Lawton, OK M.S.A.",133449,68.2,711.9,9.7,126.6,507.3,4087,1246.2,2653.4,187.3
Total area actually reporting,Estimated total,"Rate per 100,000 inhabitants","Mobile, AL M.S.A.6",414070,40.8,585.9,9.7,158.9,376.5,4512.5,1196.2,3019.8,296.6
Total area actually reporting,Estimated total,"Rate per 100,000 inhabitants","Detroit-Warren-Dearborn, MI M.S.A.",4296628,50.3,569.6,9.6,164.3,345.5,2579.1,610.4,1522.6,446.1
Total area actually reporting,Estimated total,"Rate per 100,000 inhabitants","Monroe, LA M.S.A.",178294,26.4,575.5,9.5,111.6,427.9,4924.5,1513.2,3278.9,132.4
Total area actually reporting,Estimated total,"Rate per 100,000 inhabitants","Columbus, GA-AL M.S.A.",315743,22.2,413,9.5,168.5,212.8,4930,1344.4,3139.9,445.6
Total area actually reporting,Estimated total,"Rate per 100,000 inhabitants","Hot Springs, AR M.S.A.",97163,72,472.4,9.3,76.2,314.9,5329.2,1592.2,3468.4,268.6
Total area actually reporting,Estimated total,"Rate per 100,000 inhabitants","Visalia-Porterville, CA M.S.A.5",455552,18.9,472.2,9.2,96.1,347.9,0,978.6,1727.6,0
Total area actually reporting,Estimated total,"Rate per 100,000 inhabitants","Miami-Miami Beach-Kendall, FL M.D.",2630552,30.9,655.6,8.7,242.2,373.9,4172.7,720.1,3135.8,316.7
Total area actually reporting,Estimated total,"Rate per 100,000 inhabitants","Beaumont-Port Arthur, TX M.S.A.",406050,28.6,536.1,8.6,154.7,344.3,3359.4,1003.6,2169.9,185.9
Total area actually reporting,Estimated total,"Rate per 100,000 inhabitants","Madera, CA M.S.A.",152772,38.6,665.7,8.5,86.4,532.2,2575.1,951.7,1263.3,360
Total area actually reporting,Estimated total,"Rate per 100,000 inhabitants","Johnstown, PA M.S.A.",140876,10.6,179.6,8.5,47.6,112.9,1803,425.9,1315.3,61.8
Total area actually reporting,Estimated total,"Rate per 100,000 inhabitants","Jackson, TN M.S.A.",130702,44.4,925,8.4,128.5,743.7,3653.3,966.3,2506.5,180.6
Total area actually reporting,Estimated total,"Rate per 100,000 inhabitants","Birmingham-Hoover, AL M.S.A.",1138940,44.4,529.8,8.2,150.3,326.9,3722.5,997.9,2455.9,268.7
Total area actually reporting,Estimated total,"Rate per 100,000 inhabitants","Fort Wayne, IN M.S.A.",424081,29.2,266.2,8,117.7,111.3,2929.2,693,2114.5,121.7
Total area actually reporting,Estimated total,"Rate per 100,000 inhabitants","Fayetteville, NC M.S.A.",378067,22.7,490.1,7.9,202.9,256.6,4910.2,1458.5,3217.9,233.8
Total area actually reporting,Estimated total,"Rate per 100,000 inhabitants","Alexandria, LA M.S.A.",154678,31,793.9,7.8,121.5,633.6,4775.7,1314.3,3182.1,279.3
Total area actually reporting,Estimated total,"Rate per 100,000 inhabitants","Shreveport-Bossier City, LA M.S.A.",449602,29.1,532.5,7.8,103.4,392.1,3551.1,794.5,2571.6,185.1
Total area actually reporting,Estimated total,"Rate per 100,000 inhabitants","Little Rock-North Little Rock-Conway, AR M.S.A.",723132,40.7,675.7,7.7,175.6,451.6,4891.6,1248.9,3316.4,326.4
Total area actually reporting,Estimated total,"Rate per 100,000 inhabitants","Gadsden, AL M.S.A.",104345,79.5,581.7,7.7,114,380.5,4257,1281.3,2688.2,287.5
Total area actually reporting,Estimated total,"Rate per 100,000 inhabitants","Indianapolis-Carmel-Anderson, IN M.S.A.2",1946607,41.5,0,7.6,213.8,0,3468.7,885.4,2249.6,333.7
Total area actually reporting,Estimated total,"Rate per 100,000 inhabitants","Rockford, IL M.S.A.",344806,57.7,711.1,7.5,132.5,513.3,2990.4,789.7,2055.6,145
Total area actually reporting,Estimated total,"Rate per 100,000 inhabitants","Kansas City, MO-KS M.S.A.",2049436,42.1,468.5,7.4,116.2,302.8,3254.4,675.5,2169.2,409.7
Total area actually reporting,Estimated total,"Rate per 100,000 inhabitants","Vallejo-Fairfield, CA M.S.A.",423574,18.7,472.4,7.3,169.5,276.9,3195,1101.6,1528.2,565.2
Total area actually reporting,Estimated total,"Rate per 100,000 inhabitants","Carson City, NV M.S.A.",54937,0,242.1,7.3,30.9,203.9,1681.9,367.7,1190.5,123.8
Total area actually reporting,Estimated total,"Rate per 100,000 inhabitants","Cape Girardeau, MO-IL M.S.A.",97510,23.6,490.2,7.2,102.6,356.9,3057.1,756.8,2190.5,109.7
Total area actually reporting,Estimated total,"Rate per 100,000 inhabitants","St. Louis, MO-IL M.S.A.",2803655,35,431.7,7.2,102,287.4,2670.2,538.4,1912.9,218.9
Total area actually reporting,Estimated total,"Rate per 100,000 inhabitants","Charleston-North Charleston, SC M.S.A.",710846,28.4,359.4,7.2,71,252.8,3150.8,622.1,2289,239.7
Total area actually reporting,Estimated total,"Rate per 100,000 inhabitants","Bakersfield, CA M.S.A.",862202,19.8,576.3,7.1,149,400.4,3871.6,1244.3,1954.4,672.9
Total area actually reporting,Estimated total,"Rate per 100,000 inhabitants","Philadelphia-Camden-Wilmington, PA-NJ-DE-MD M.S.A.",6036138,35.8,497.5,7.1,197.5,257.2,2477.7,474.2,1833.3,170.2
Total area actually reporting,Estimated total,"Rate per 100,000 inhabitants","Jacksonville, FL M.S.A.",1392914,41.9,495.7,7.1,118.2,328.5,3228.8,678.6,2403.5,146.7
Total area actually reporting,Estimated total,"Rate per 100,000 inhabitants","Tucson, AZ M.S.A.",999664,33.3,433.5,7.1,122.5,270.6,4849.3,755.3,3791,303.1
Total area actually reporting,Estimated total,"Rate per 100,000 inhabitants","Newark, NJ-PA M.D.",2497536,9.2,340.3,7.1,201.1,122.9,1701.8,370.3,1064.2,267.2
Total area actually reporting,Estimated total,"Rate per 100,000 inhabitants","Milwaukee-Waukesha-West Allis, WI M.S.A.",1571468,33.9,587.1,7,234.9,311.2,3064.2,589.2,2157.7,317.3
Total area actually reporting,Estimated total,"Rate per 100,000 inhabitants","Lake Charles, LA M.S.A.",201735,58.5,607.2,6.9,120.5,421.3,4852.9,1813.8,2785.8,253.3
Total area actually reporting,Estimated total,"Rate per 100,000 inhabitants","Virginia Beach-Norfolk-Newport News, VA-NC M.S.A.",1710528,32.9,303.5,6.9,89.9,173.9,3016.5,532.5,2334.8,149.2
Total area actually reporting,Estimated total,"Rate per 100,000 inhabitants","Anniston-Oxford-Jacksonville, AL M.S.A.",116893,54.8,532.1,6.8,88.1,382.4,3737.6,1168.6,2407.3,161.7
Total area actually reporting,Estimated total,"Rate per 100,000 inhabitants","Tuscaloosa, AL M.S.A.",234358,33.7,380.6,6.8,99.4,240.7,3328.7,861.1,2313.6,154
Total area actually reporting,Estimated total,"Rate per 100,000 inhabitants","Chicago-Naperville-Arlington Heights, IL M.D.4, 5",7331456,0,0,6.8,198.7,0,2424.3,430.7,1769.2,224.4
Total area actually reporting,Estimated total,"Rate per 100,000 inhabitants","Tulsa, OK M.S.A.",960098,58.8,516.8,6.7,113.8,337.5,3277.3,879,2058.3,340
Total area actually reporting,Estimated total,"Rate per 100,000 inhabitants","Camden, NJ M.D.",1257382,16,320.8,6.7,120.6,177.6,2324.7,524.7,1681.6,118.4
Total area actually reporting,Estimated total,"Rate per 100,000 inhabitants","San German, Puerto Rico M.S.A.",134623,0.7,89.9,6.7,34.2,48.3,858,378.1,448.7,31.2
Total area actually reporting,Estimated total,"Rate per 100,000 inhabitants","Stockton-Lodi, CA M.S.A.",708679,19,702.7,6.6,208.4,468.6,4036.1,1063.7,2408.6,563.9
Total area actually reporting,Estimated total,"Rate per 100,000 inhabitants","Miami-Fort Lauderdale-West Palm Beach, FL M.S.A.",5846679,31.2,538.9,6.6,189.2,311.9,3690.5,759.7,2674.6,256.2
Total area actually reporting,Estimated total,"Rate per 100,000 inhabitants","Sumter, SC M.S.A.",108703,46.9,671.6,6.4,99.4,518.8,3600.6,1271.4,2094.7,234.6
Total area actually reporting,Estimated total,"Rate per 100,000 inhabitants","Goldsboro, NC M.S.A.",125081,4,390.9,6.4,83.1,297.4,3633.6,1129.7,2323.3,180.7
Total area actually reporting,Estimated total,"Rate per 100,000 inhabitants","Yakima, WA M.S.A.",248678,29.4,289.1,6.4,76.8,176.5,3363.8,911.6,1993.7,458.4
Total area actually reporting,Estimated total,"Rate per 100,000 inhabitants","Chicago-Naperville-Elgin, IL-IN-WI M.S.A.4, 5",9538161,0,0,6.4,167.7,0,2339,421.4,1716.4,201.2
Total area actually reporting,Estimated total,"Rate per 100,000 inhabitants","Modesto, CA M.S.A.",524583,24,517.7,6.3,141.3,346.2,3915.1,978.5,2275.3,661.3
Total area actually reporting,Estimated total,"Rate per 100,000 inhabitants","Greenville, NC M.S.A.",174355,18.9,458.3,6.3,129,304,3397.1,1010,2270.1,117
Total area actually reporting,Estimated total,"Rate per 100,000 inhabitants","Pensacola-Ferry Pass-Brent, FL M.S.A.",466427,42.2,510,6.2,98.2,363.4,3395.2,832.3,2379.6,183.3
Total area actually reporting,Estimated total,"Rate per 100,000 inhabitants","Huntsville, AL M.S.A.",434500,43,483.5,6.2,107.2,327,3355.8,734.2,2391.9,229.7
Total area actually reporting,Estimated total,"Rate per 100,000 inhabitants","Colorado Springs, CO M.S.A.",678821,73.4,368.9,6.2,68.4,221,3274.4,702.4,2243.3,328.7
Total area actually reporting,Estimated total,"Rate per 100,000 inhabitants","Richmond, VA M.S.A.",1242277,20,243.8,6.2,90.8,126.8,2395.7,445.4,1797.4,152.9
Total area actually reporting,Estimated total,"Rate per 100,000 inhabitants","Columbus, IN M.S.A.",80102,28.7,184.8,6.2,26.2,123.6,3338.2,436.9,2674.1,227.2
Total area actually reporting,Estimated total,"Rate per 100,000 inhabitants","Brunswick, GA M.S.A.2",113744,16.7,0,6.2,99.3,0,3886.8,1062.9,2677.1,146.8
Total area actually reporting,Estimated total,"Rate per 100,000 inhabitants","Dothan, AL M.S.A.",148166,41.8,396.2,6.1,70.2,278.1,2871.1,760.6,1954.6,155.9
Total area actually reporting,Estimated total,"Rate per 100,000 inhabitants","Fresno, CA M.S.A.",954305,17.1,510.1,6,127.9,359.1,3845.5,953.8,2227.5,664.3
Total area actually reporting,Estimated total,"Rate per 100,000 inhabitants","Hinesville, GA M.S.A.",82962,19.3,277.2,6,61.5,190.4,2722.9,784.7,1806.9,131.4
Total area actually reporting,Estimated total,"Rate per 100,000 inhabitants","Manhattan, KS M.S.A.",99347,28.2,193.3,6,20.1,138.9,1756.5,337.2,1344.8,74.5
Total area actually reporting,Estimated total,"Rate per 100,000 inhabitants","Albuquerque, NM M.S.A.",902627,63.5,742.3,5.9,137.3,535.7,4483.7,1146.7,2910.6,426.4
Total area actually reporting,Estimated total,"Rate per 100,000 inhabitants","Houston-The Woodlands-Sugar Land, TX M.S.A.",6281279,22.9,559,5.9,233.3,296.8,3488.8,790.3,2327.6,370.9
Total area actually reporting,Estimated total,"Rate per 100,000 inhabitants","Oklahoma City, OK M.S.A.",1315519,52.8,503,5.9,108.7,335.5,3955.6,977.3,2565.3,413.1
Total area actually reporting,Estimated total,"Rate per 100,000 inhabitants","Muskegon, MI M.S.A.",169764,93.7,471.2,5.9,86,285.7,3603.2,787.6,2682,133.7
Total area actually reporting,Estimated total,"Rate per 100,000 inhabitants","Yuma, AZ M.S.A.",201878,33.7,404.2,5.9,36.7,327.9,2681.3,781.2,1708.5,191.7
Total area actually reporting,Estimated total,"Rate per 100,000 inhabitants","Atlanta-Sandy Springs-Roswell, GA M.S.A.",5511212,19.5,389.1,5.9,158.1,205.6,3330.8,809.1,2184.4,337.4
Total area actually reporting,Estimated total,"Rate per 100,000 inhabitants","Oakland-Hayward-Berkeley, CA M.D.",2660954,19.2,590,5.8,313.4,251.6,3438,733.6,1940.8,763.6
Total area actually reporting,Estimated total,"Rate per 100,000 inhabitants","Peoria, IL M.S.A.",380809,22.3,342.2,5.8,87.2,226.9,2326.6,573.8,1674.6,78.3
Total area actually reporting,Estimated total,"Rate per 100,000 inhabitants","Chico, CA M.S.A.",222365,35.5,285.1,5.8,66.6,177.2,2798.6,757.8,1637.8,402.9
Total area actually reporting,Estimated total,"Rate per 100,000 inhabitants","Las Vegas-Henderson-Paradise, NV M.S.A.",2025864,42.2,678,5.7,232.8,397.3,3016.8,916.5,1693.2,407
Total area actually reporting,Estimated total,"Rate per 100,000 inhabitants","Albany, GA M.S.A.",157365,23.5,655.2,5.7,141.7,484.2,4521.3,1277.3,3058.5,185.6
Total area actually reporting,Estimated total,"Rate per 100,000 inhabitants","Sherman-Denison, TX M.S.A.",122729,21.2,266.4,5.7,35,204.5,2518.6,594.8,1783.6,140.1
Total area actually reporting,Estimated total,"Rate per 100,000 inhabitants","Utica-Rome, NY M.S.A.",297990,19.5,224.5,5.7,50,149.3,2211.1,436.6,1711.8,62.8
Total area actually reporting,Estimated total,"Rate per 100,000 inhabitants","Redding, CA M.S.A.",179250,46.9,641.6,5.6,102.6,486.5,3288.1,778.2,1894.6,615.3
Total area actually reporting,Estimated total,"Rate per 100,000 inhabitants","Wilmington, DE-MD-NJ M.D.",718010,29.7,481.3,5.6,149.6,296.5,2940.6,637.7,2150.5,152.4
Total area actually reporting,Estimated total,"Rate per 100,000 inhabitants","Longview, TX M.S.A.",218274,39.4,414.2,5.5,87,282.2,3305,800.4,2327.4,177.3
Total area actually reporting,Estimated total,"Rate per 100,000 inhabitants","Topeka, KS M.S.A.",234566,20.9,349.2,5.5,75,247.7,3541.4,720.1,2528.9,292.5
Total area actually reporting,Estimated total,"Rate per 100,000 inhabitants","Augusta-Richmond County, GA-SC M.S.A.",579933,29.5,288.3,5.5,105.5,147.8,3665.1,893,2477.7,294.3
Total area actually reporting,Estimated total,"Rate per 100,000 inhabitants","Dayton, OH M.S.A.",802990,41.1,271.7,5.5,110.2,114.9,3320.3,861.9,2282.6,175.8
Total area actually reporting,Estimated total,"Rate per 100,000 inhabitants","Greenville-Anderson-Mauldin, SC M.S.A.",852405,56.1,562.3,5.4,86.7,414.1,4026.1,1012.5,2708.7,304.9
Total area actually reporting,Estimated total,"Rate per 100,000 inhabitants","Corpus Christi, TX M.S.A.",441984,44.8,523.5,5.4,97.7,375.6,4260.8,848.4,3254,158.4
Total area actually reporting,Estimated total,"Rate per 100,000 inhabitants","West Palm Beach-Boca Raton-Delray Beach, FL M.D.",1372752,32.3,450.3,5.4,124.6,288,3080.5,694.9,2187.6,198
Total area actually reporting,Estimated total,"Rate per 100,000 inhabitants","Los Angeles-Long Beach-Glendale, CA M.D.",10022399,17.5,402.9,5.4,167.5,212.6,2279.1,480.6,1410,388.5
Total area actually reporting,Estimated total,"Rate per 100,000 inhabitants","Florence, SC M.S.A.",207144,42,475,5.3,79.2,348.5,4542.7,1036,3248.5,258.3
Total area actually reporting,Estimated total,"Rate per 100,000 inhabitants","Omaha-Council Bluffs, NE-IA M.S.A.",893630,38.3,387.4,5.3,95.2,248.6,3245.2,614.6,2173.4,457.2
Total area actually reporting,Estimated total,"Rate per 100,000 inhabitants","Kankakee, IL M.S.A.",112844,47.9,320.8,5.3,79.8,187.9,2534.5,549.4,1914.1,70.9
Total area actually reporting,Estimated total,"Rate per 100,000 inhabitants","Buffalo-Cheektowaga-Niagara Falls, NY M.S.A.",1135074,21.2,430.2,5.2,153.6,250.1,2735,574.9,2030.4,129.8
Total area actually reporting,Estimated total,"Rate per 100,000 inhabitants","Charlotte-Concord-Gastonia, NC-SC M.S.A.",2329109,23,404.4,5.2,114.4,261.8,2981,685.4,2141,154.6
Total area actually reporting,Estimated total,"Rate per 100,000 inhabitants","Reno, NV M.S.A.",438372,31,378,5.2,89.2,252.5,2597.1,571.2,1748.7,277.2
Total area actually reporting,Estimated total,"Rate per 100,000 inhabitants","Akron, OH M.S.A.",703468,38.4,297.2,5.1,98.8,154.9,2923.1,728.1,2064.1,130.9
Total area actually reporting,Estimated total,"Rate per 100,000 inhabitants","Roanoke, VA M.S.A.",311327,31.5,238.3,5.1,55.6,146.1,2444.1,354.6,1985.1,104.4
Total area actually reporting,Estimated total,"Rate per 100,000 inhabitants","Williamsport, PA M.S.A.",117439,25.5,171.2,5.1,50.2,90.3,2168.8,460.7,1659.6,48.5
Total area actually reporting,Estimated total,"Rate per 100,000 inhabitants","Lafayette, LA M.S.A.",477151,17.8,461.3,5,107.5,330.9,3545,799.3,2530.4,215.2
Total area actually reporting,Estimated total,"Rate per 100,000 inhabitants","Ocala, FL M.S.A.5",337649,43.8,430.3,5,50.3,331.1,0,552.6,0,80.9
Total area actually reporting,Estimated total,"Rate per 100,000 inhabitants","Clarksville, TN-KY M.S.A.",278930,47.7,369.3,5,58.8,257.8,2514.3,653.6,1761,99.7
Total area actually reporting,Estimated total,"Rate per 100,000 inhabitants","Riverside-San Bernardino-Ontario, CA M.S.A.",4392057,17.3,333.3,5,107.8,203.2,2794.4,764.4,1541.1,489
Total area actually reporting,Estimated total,"Rate per 100,000 inhabitants","Toledo, OH M.S.A.7",609674,34.3,530.3,4.9,173.4,317.7,0,1103.5,0,213.1
Total area actually reporting,Estimated total,"Rate per 100,000 inhabitants","Lexington-Fayette, KY M.S.A.",489329,37.8,256.7,4.9,119.3,94.6,3723.1,779.8,2735.2,208
Total area actually reporting,Estimated total,"Rate per 100,000 inhabitants","Louisville/Jefferson County, KY-IN M.S.A.2",1257388,21.6,0,4.9,138.5,0,3430.4,798,2405.9,226.5
Total area actually reporting,Estimated total,"Rate per 100,000 inhabitants","Anchorage, AK M.S.A.",314553,133.2,793.8,4.8,167.9,488,4147.8,444.4,3408.6,294.7
Total area actually reporting,Estimated total,"Rate per 100,000 inhabitants","San Francisco-Oakland-Hayward, CA M.S.A.",4499119,19,558.6,4.8,294.6,240.2,3571.5,667,2271,633.5
Total area actually reporting,Estimated total,"Rate per 100,000 inhabitants","Phoenix-Mesa-Scottsdale, AZ M.S.A.5",4386981,29.5,392.3,4.8,115.3,242.8,0,731,2219.4,0
Total area actually reporting,Estimated total,"Rate per 100,000 inhabitants","East Stroudsburg, PA M.S.A.",168309,29.1,367.2,4.8,33.9,299.4,2451.4,676.1,1714.7,60.6
Total area actually reporting,Estimated total,"Rate per 100,000 inhabitants","Cincinnati, OH-KY-IN M.S.A.",2136525,32.3,285.2,4.8,127.1,120.9,3147.4,749.5,2252.9,145
Total area actually reporting,Estimated total,"Rate per 100,000 inhabitants","Rochester, NY M.S.A.",1084351,18.6,283.6,4.8,111.7,148.5,2411.7,518.2,1799.9,93.6
Total area actually reporting,Estimated total,"Rate per 100,000 inhabitants","Columbia, SC M.S.A.",793289,41,578,4.7,105.6,426.7,3636.9,747.1,2552.2,337.6
Total area actually reporting,Estimated total,"Rate per 100,000 inhabitants","Farmington, NM M.S.A.",127552,73.7,490,4.7,47,364.6,2159.9,484.5,1543.7,131.7
Total area actually reporting,Estimated total,"Rate per 100,000 inhabitants","Greensboro-High Point, NC M.S.A.",742007,18.3,344.6,4.7,107.3,214.3,3448.5,977.2,2313.2,158.1
Total area actually reporting,Estimated total,"Rate per 100,000 inhabitants","Dallas-Plano-Irving, TX M.D.",4506295,29.4,318,4.7,132.8,151.1,2891,686.1,1916.5,288.4
Total area actually reporting,Estimated total,"Rate per 100,000 inhabitants","San Antonio-New Braunfels, TX M.S.A.",2271017,39.1,459.7,4.6,107,308.9,4415.2,849.6,3226.3,339.3
Total area actually reporting,Estimated total,"Rate per 100,000 inhabitants","Decatur, IL M.S.A.",109877,17.3,384.1,4.6,79.2,283,2553.8,811.8,1667.3,74.6
Total area actually reporting,Estimated total,"Rate per 100,000 inhabitants","Wichita Falls, TX M.S.A.",151253,27.8,341.8,4.6,88.6,220.8,3603.2,837.7,2541.4,224.1
Total area actually reporting,Estimated total,"Rate per 100,000 inhabitants","Tallahassee, FL M.S.A.",378864,58.9,582.3,4.5,120.1,398.8,3394.1,859.7,2374.2,160.2
Total area actually reporting,Estimated total,"Rate per 100,000 inhabitants","Springfield, MA M.S.A.",628316,52.4,522.2,4.5,145.3,320.1,2904.4,766.7,1930.6,207.2
Total area actually reporting,Estimated total,"Rate per 100,000 inhabitants","Los Angeles-Long Beach-Anaheim, CA M.S.A.",13141130,16.6,353.3,4.5,142.9,189.3,2207.3,445.8,1410.2,351.3
Total area actually reporting,Estimated total,"Rate per 100,000 inhabitants","Decatur, AL M.S.A.",154311,24,195.1,4.5,25.3,141.3,2585.7,680.4,1748.4,156.8
Total area actually reporting,Estimated total,"Rate per 100,000 inhabitants","Washington-Arlington-Alexandria, DC-VA-MD-WV M.D.",4684848,24.9,369.1,4.4,158.9,180.8,2316.4,296.1,1808.1,212.3
Total area actually reporting,Estimated total,"Rate per 100,000 inhabitants","Springfield, OH M.S.A.",137153,39.4,348.5,4.4,160.4,144.4,4365.2,1235.1,2923.7,206.3
Total area actually reporting,Estimated total,"Rate per 100,000 inhabitants","Dallas-Fort Worth-Arlington, TX M.S.A.",6814175,31.8,332.9,4.4,120.8,175.8,3036.4,701.3,2071.8,263.3
Total area actually reporting,Estimated total,"Rate per 100,000 inhabitants","Lake Havasu City-Kingman, AZ M.S.A.",205099,17.1,213.1,4.4,34.6,157,3355.5,907.4,2250.6,197.5
Total area actually reporting,Estimated total,"Rate per 100,000 inhabitants","Fort Lauderdale-Pompano Beach-Deerfield Beach, FL M.D.",1843375,30.8,438.2,4.3,161.7,241.4,3456.7,864.4,2379.1,213.3
Total area actually reporting,Estimated total,"Rate per 100,000 inhabitants","Tampa-St. Petersburg-Clearwater, FL M.S.A.",2872186,31,396.5,4.3,90.8,270.5,2732.1,619.5,1959,153.6
Total area actually reporting,Estimated total,"Rate per 100,000 inhabitants","Deltona-Daytona Beach-Ormond Beach, FL M.S.A.",599128,30,392.7,4.3,76.3,282.1,3108.4,691.3,2231.9,185.1
Total area actually reporting,Estimated total,"Rate per 100,000 inhabitants","Warner Robins, GA M.S.A.",187233,17.6,384.5,4.3,102.5,260.1,3901,876.4,2871.3,153.3
Total area actually reporting,Estimated total,"Rate per 100,000 inhabitants","San Angelo, TX M.S.A.",116215,62.8,257.3,4.3,20.7,169.5,3443.6,697.8,2576.3,169.5
Total area actually reporting,Estimated total,"Rate per 100,000 inhabitants","Scranton?Wilkes-Barre?Hazleton, PA M.S.A.3",563315,20.8,232.2,4.3,59.1,148.1,2223.6,468.5,1661.4,93.7
Total area actually reporting,Estimated total,"Rate per 100,000 inhabitants","York-Hanover, PA M.S.A.",438349,23,224.9,4.3,61.8,135.7,1820.5,315.7,1445,59.8
Total area actually reporting,Estimated total,"Rate per 100,000 inhabitants","Panama City, FL M.S.A.",189176,47.6,516.5,4.2,86.7,378,3862,757.5,2934.3,170.2
Total area actually reporting,Estimated total,"Rate per 100,000 inhabitants","Rome, GA M.S.A.",96122,28.1,382.8,4.2,82.2,268.4,4148.9,910.3,3040.9,197.7
Total area actually reporting,Estimated total,"Rate per 100,000 inhabitants","Yuba City, CA M.S.A.",168410,32.1,306.4,4.2,50.5,219.7,3017,824.8,1701.8,490.5
Total area actually reporting,Estimated total,"Rate per 100,000 inhabitants","Syracuse, NY M.S.A.",661048,19.4,258.7,4.2,76.1,159,2480.5,509.3,1873.5,97.6
Total area actually reporting,Estimated total,"Rate per 100,000 inhabitants","Chattanooga, TN-GA M.S.A.",541195,22.9,509.8,4.1,90.7,392.1,3870.3,825.8,2740.8,303.8
Total area actually reporting,Estimated total,"Rate per 100,000 inhabitants","Sacramento?Roseville?Arden-Arcade, CA M.S.A.",2213600,21.2,415.9,4.1,128.7,262,2766.6,663.2,1723.2,380.2
Total area actually reporting,Estimated total,"Rate per 100,000 inhabitants","Sebring, FL M.S.A.",98300,26.4,394.7,4.1,64.1,300.1,3324.5,942,2223.8,158.7
Total area actually reporting,Estimated total,"Rate per 100,000 inhabitants","Santa Cruz-Watsonville, CA M.S.A.",268260,29.1,373.5,4.1,74.2,266.2,3034.4,611.3,2041.7,381.3
Total area actually reporting,Estimated total,"Rate per 100,000 inhabitants","Pittsburgh, PA M.S.A.3",2360685,15.5,292.8,4.1,83.7,189.5,1856.5,367.2,1412.4,76.9
Total area actually reporting,Estimated total,"Rate per 100,000 inhabitants","Texarkana, TX-AR M.S.A.",150224,51.9,558.5,4,79.9,422.7,3918.8,975.2,2750.6,193
Total area actually reporting,Estimated total,"Rate per 100,000 inhabitants","Hanford-Corcoran, CA M.S.A.",151256,23.1,479.3,4,81.3,370.9,2461.4,567.3,1595.3,298.8
Total area actually reporting,Estimated total,"Rate per 100,000 inhabitants","Oxnard-Thousand Oaks-Ventura, CA M.S.A.",840678,10.1,193.8,4,72.2,107.4,1950.8,381.8,1390.5,178.4
Total area actually reporting,Estimated total,"Rate per 100,000 inhabitants","Orlando-Kissimmee-Sanford, FL M.S.A.",2261201,41.5,540.1,3.9,123.3,371.3,3420.1,882.4,2335.4,202.3
Total area actually reporting,Estimated total,"Rate per 100,000 inhabitants","Fort Worth-Arlington, TX M.D.",2307880,36.7,362,3.9,97.3,224.1,3320.2,731,2375,214.3
Total area actually reporting,Estimated total,"Rate per 100,000 inhabitants","Cumberland, MD-WV M.S.A.",101663,33.4,291.2,3.9,65.9,187.9,2688.3,620.7,1997.8,69.8
Total area actually reporting,Estimated total,"Rate per 100,000 inhabitants","Midland, TX M.S.A.",155778,16,280.5,3.9,44.9,215.7,2638.4,505.8,1961.8,170.8
Total area actually reporting,Estimated total,"Rate per 100,000 inhabitants","Bangor, ME M.S.A.",153530,15,91.2,3.9,36.5,35.8,2826.2,528.9,2240,57.3
Total area actually reporting,Estimated total,"Rate per 100,000 inhabitants","Champaign-Urbana, IL M.S.A.",234223,50,477.3,3.8,93.9,329.6,2517.3,597.7,1847,72.6
Total area actually reporting,Estimated total,"Rate per 100,000 inhabitants","Cape Coral-Fort Myers, FL M.S.A.",656243,22.9,332.8,3.8,87.9,218.2,2194.3,575.9,1494.6,123.9
Total area actually reporting,Estimated total,"Rate per 100,000 inhabitants","Casper, WY M.S.A.",79993,13.8,211.3,3.8,21.3,172.5,2959,471.3,2349,138.8
Total area actually reporting,Estimated total,"Rate per 100,000 inhabitants","San Francisco-Redwood City-South San Francisco, CA M.D.",1580707,18.7,565.6,3.7,302.4,240.8,4060.8,578,3006.2,476.5
Total area actually reporting,Estimated total,"Rate per 100,000 inhabitants","Gainesville, FL M.S.A.",270523,42.5,541.9,3.7,88,407.7,2960.6,572.2,2253,135.3
Total area actually reporting,Estimated total,"Rate per 100,000 inhabitants","Spokane-Spokane Valley, WA M.S.A.",535166,47.3,366.8,3.7,123.1,192.7,5746.8,1200.7,3923.8,622.2
Total area actually reporting,Estimated total,"Rate per 100,000 inhabitants","Las Cruces, NM M.S.A.",215083,35.3,332.9,3.7,42.3,251.5,2967.2,660.7,2155.9,150.6
Total area actually reporting,Estimated total,"Rate per 100,000 inhabitants","Washington-Arlington-Alexandria, DC-VA-MD-WV M.S.A.",5943171,22.2,331.1,3.7,141.3,163.8,2169.1,291.8,1692.1,185.2
Total area actually reporting,Estimated total,"Rate per 100,000 inhabitants","Denver-Aurora-Lakewood, CO M.S.A.",2693369,53,328.5,3.7,78.9,193,2746.8,463.1,1985.1,298.6
Total area actually reporting,Estimated total,"Rate per 100,000 inhabitants","Tyler, TX M.S.A.",217202,26.2,278.5,3.7,36.4,212.2,2975.6,726.5,2089.8,159.3
Total area actually reporting,Estimated total,"Rate per 100,000 inhabitants","Gainesville, GA M.S.A.",187290,24,156.4,3.7,36.8,91.8,2241.4,481.1,1604.5,155.9
Total area actually reporting,Estimated total,"Rate per 100,000 inhabitants","Palm Bay-Melbourne-Titusville, FL M.S.A.",550499,50.3,524.8,3.6,85.4,385.5,2796.2,681.4,1989.5,125.3
Total area actually reporting,Estimated total,"Rate per 100,000 inhabitants","Homosassa Springs, FL M.S.A.",139242,33,389.3,3.6,49.6,303.1,1978.6,469,1428.4,81.2
Total area actually reporting,Estimated total,"Rate per 100,000 inhabitants","Knoxville, TN M.S.A.",852347,30.4,364.1,3.6,73.4,256.6,3136,739.4,2216.2,180.4
Total area actually reporting,Estimated total,"Rate per 100,000 inhabitants","Naples-Immokalee-Marco Island, FL M.S.A.",337025,24.3,232.9,3.6,33.8,171.2,1553.6,332.6,1152.4,68.5
Total area actually reporting,Estimated total,"Rate per 100,000 inhabitants","Grants Pass, OR M.S.A.",83162,13.2,163.5,3.6,44.5,102.2,4045.1,928.3,2680.3,436.5
Total area actually reporting,Estimated total,"Rate per 100,000 inhabitants","Wichita, KS M.S.A.",637215,52.1,568.3,3.5,78.3,434.4,4136.1,810.6,2967.6,358
Total area actually reporting,Estimated total,"Rate per 100,000 inhabitants","Amarillo, TX M.S.A.",260305,84.9,524.4,3.5,96,340,3426.4,767.6,2373.4,285.4
Total area actually reporting,Estimated total,"Rate per 100,000 inhabitants","Myrtle Beach-Conway-North Myrtle Beach, SC-NC M.S.A.",401625,57.3,487,3.5,103.6,322.7,4406.1,1036.5,3018.7,350.8
Total area actually reporting,Estimated total,"Rate per 100,000 inhabitants","New York-Newark-Jersey City, NY-NJ-PA M.S.A.",19936617,9.6,390.2,3.5,156,221.2,1609.9,247.6,1254.4,107.9
Total area actually reporting,Estimated total,"Rate per 100,000 inhabitants","Winston-Salem, NC M.S.A.",651819,21.8,371.7,3.5,95.4,251,3539.9,1110,2265.8,164.2
Total area actually reporting,Estimated total,"Rate per 100,000 inhabitants","Johnson City, TN M.S.A.",201439,22.8,327.6,3.5,34.7,266.6,2560.1,568.9,1900.3,90.8
Total area actually reporting,Estimated total,"Rate per 100,000 inhabitants","Salem, OR M.S.A.",398927,25.1,233.6,3.5,53.6,151.4,3215.1,511.9,2416.5,286.8
Total area actually reporting,Estimated total,"Rate per 100,000 inhabitants","Terre Haute, IN M.S.A.",172996,23.7,174.6,3.5,39.9,107.5,3279.8,799.4,2231.8,248.6
Total area actually reporting,Estimated total,"Rate per 100,000 inhabitants","Nashville-Davidson?Murfreesboro?Franklin, TN M.S.A.",1745622,42.8,596.1,3.4,115.3,434.6,2718.1,588.3,2000.6,129.2
Total area actually reporting,Estimated total,"Rate per 100,000 inhabitants","Wilmington, NC M.S.A.",266872,24.4,362,3.4,111.7,222.6,3574,1000.1,2392.5,181.4
Total area actually reporting,Estimated total,"Rate per 100,000 inhabitants","Florence-Muscle Shoals, AL M.S.A.",146880,49,354,3.4,63.3,238.3,2945.9,637.9,2112.6,195.4
Total area actually reporting,Estimated total,"Rate per 100,000 inhabitants","Port St. Lucie, FL M.S.A.",436841,19.9,336.5,3.4,53.6,259.6,2228.5,592.9,1542.9,92.7
Total area actually reporting,Estimated total,"Rate per 100,000 inhabitants","South Bend-Mishawaka, IN-MI M.S.A.",319204,49.5,308.6,3.4,140.3,115.3,3054.2,777.9,2101.2,175.1
Total area actually reporting,Estimated total,"Rate per 100,000 inhabitants","Hartford-West Hartford-East Hartford, CT M.S.A.",1023807,25.3,264.3,3.4,102.2,133.4,2200.6,390.5,1646.1,164
Total area actually reporting,Estimated total,"Rate per 100,000 inhabitants","Mount Vernon-Anacortes, WA M.S.A.",119004,33.6,213.4,3.4,53.8,122.7,4362.9,1004.2,3074.7,284
Total area actually reporting,Estimated total,"Rate per 100,000 inhabitants","New Haven-Milford, CT M.S.A.",808809,19.3,384.8,3.3,166.9,195.2,2810.9,430.9,2075,305
Total area actually reporting,Estimated total,"Rate per 100,000 inhabitants","Monroe, MI M.S.A.",150897,71.6,274.4,3.3,41.1,158.4,2348.6,575.9,1618.3,154.4
Total area actually reporting,Estimated total,"Rate per 100,000 inhabitants","Kennewick-Richland, WA M.S.A.",273507,32.2,220.5,3.3,32.2,152.8,2280,472.7,1657.4,149.9
Total area actually reporting,Estimated total,"Rate per 100,000 inhabitants","Boston, MA M.D.",1942405,33.8,503,3.2,151,315,2092.6,406.8,1540.4,145.4
Total area actually reporting,Estimated total,"Rate per 100,000 inhabitants","New York-Jersey City-White Plains, NY-NJ M.D.",14185877,11,455.9,3.2,170.6,271.2,1637.7,234.3,1314.1,89.3
Total area actually reporting,Estimated total,"Rate per 100,000 inhabitants","Lansing-East Lansing, MI M.S.A.",466728,67.3,405.6,3.2,82.1,253,2211.8,533.1,1524.2,154.5
Total area actually reporting,Estimated total,"Rate per 100,000 inhabitants","Lakeland-Winter Haven, FL M.S.A.",622846,28.4,367.2,3.2,63.6,272,2908.4,791.4,1971.6,145.5
Total area actually reporting,Estimated total,"Rate per 100,000 inhabitants","Binghamton, NY M.S.A.",247869,22.2,216.2,3.2,63.7,127.1,2739.8,533.7,2143.5,62.5
Total area actually reporting,Estimated total,"Rate per 100,000 inhabitants","Pueblo, CO M.S.A.",162300,105.4,655,3.1,134.9,411.6,5443.6,1304.4,3765.9,373.4
Total area actually reporting,Estimated total,"Rate per 100,000 inhabitants","Springfield, MO M.S.A.",448011,75.9,533,3.1,95.3,358.7,4520.2,815.8,3373.4,331
Total area actually reporting,Estimated total,"Rate per 100,000 inhabitants","Victoria, TX M.S.A.",97898,71.5,495.4,3.1,62.3,358.5,3204.4,732.4,2361.6,110.3
Total area actually reporting,Estimated total,"Rate per 100,000 inhabitants","Jackson, MI M.S.A.",160498,84.7,405.6,3.1,51.7,266,2466.1,555.8,1813.1,97.2
Total area actually reporting,Estimated total,"Rate per 100,000 inhabitants","Ann Arbor, MI M.S.A.",353189,52.9,305.5,3.1,45.6,203.9,2097.7,427,1564.3,106.5
Total area actually reporting,Estimated total,"Rate per 100,000 inhabitants","Gulfport-Biloxi-Pascagoula, MS M.S.A.",382406,35.8,283.7,3.1,73.7,171,3624.9,951.6,2480.3,193
Total area actually reporting,Estimated total,"Rate per 100,000 inhabitants","Hagerstown-Martinsburg, MD-WV M.S.A.",257750,18.6,232.8,3.1,70.2,140.8,2221.9,516.8,1600.4,104.8
Total area actually reporting,Estimated total,"Rate per 100,000 inhabitants","Lubbock, TX M.S.A.",300769,38.6,658,3,129.7,486.8,4247.4,975.5,2961.7,310.2
Total area actually reporting,Estimated total,"Rate per 100,000 inhabitants","Hilton Head Island-Bluffton-Beaufort, SC M.S.A.",196780,42.7,485.3,3,68.1,371.5,2883.9,671.3,2071.9,140.8
Total area actually reporting,Estimated total,"Rate per 100,000 inhabitants","Tacoma-Lakewood, WA M.D.",819740,41.7,448.3,3,115.9,287.7,4179.3,1042.5,2616.2,520.5
Total area actually reporting,Estimated total,"Rate per 100,000 inhabitants","Canton-Massillon, OH M.S.A.",404048,34.2,267.3,3,119.3,110.9,2677.2,663.3,1839.9,174
Total area actually reporting,Estimated total,"Rate per 100,000 inhabitants","San Jose-Sunnyvale-Santa Clara, CA M.S.A.",1914750,21.6,249.8,3,80.1,145.1,2364.1,467.9,1359.9,536.3
Total area actually reporting,Estimated total,"Rate per 100,000 inhabitants","Dutchess County-Putnam County, NY M.D.",397186,10.3,161.6,3,40.3,108,1338.9,233.4,1077.8,27.7
Total area actually reporting,Estimated total,"Rate per 100,000 inhabitants","Atlantic City-Hammonton, NJ M.S.A.",276095,13.8,443.7,2.9,188.3,238.7,2969.6,630.6,2255,84
Total area actually reporting,Estimated total,"Rate per 100,000 inhabitants","Salisbury, MD-DE M.S.A.",385257,45.7,442.8,2.9,81.8,312.5,3255.7,870.8,2282.4,102.5
Total area actually reporting,Estimated total,"Rate per 100,000 inhabitants","Lima, OH M.S.A.",105002,47.6,382.8,2.9,83.8,248.6,3397.1,877.1,2380,140
Total area actually reporting,Estimated total,"Rate per 100,000 inhabitants","Columbia, MO M.S.A.",170724,45.7,332.7,2.9,75,209.1,3287.8,520.7,2634.1,133
Total area actually reporting,Estimated total,"Rate per 100,000 inhabitants","Allentown-Bethlehem-Easton, PA-NJ M.S.A.",828654,20.5,185.4,2.9,65.2,96.8,2193.9,449.4,1647.9,96.7
Total area actually reporting,Estimated total,"Rate per 100,000 inhabitants","Spartanburg, SC M.S.A.",319563,46,463.4,2.8,91.4,323.3,3147.7,802,2158.6,187.1
Total area actually reporting,Estimated total,"Rate per 100,000 inhabitants","Crestview-Fort Walton Beach-Destin, FL M.S.A.",252641,47.5,413.2,2.8,49.5,313.5,2346.8,473.8,1768.9,104.1
Total area actually reporting,Estimated total,"Rate per 100,000 inhabitants","Sebastian-Vero Beach, FL M.S.A.",141889,28.2,295.3,2.8,28.9,235.4,2102.3,479.2,1561.1,62
Total area actually reporting,Estimated total,"Rate per 100,000 inhabitants","Austin-Round Rock, TX M.S.A.",1879235,23.3,271.3,2.8,53.3,192,3178.5,534,2485.7,158.7
Total area actually reporting,Estimated total,"Rate per 100,000 inhabitants","North Port-Sarasota-Bradenton, FL M.S.A.",728392,40.5,422.2,2.7,88.7,290.2,2830.2,677.1,2043.5,109.6
Total area actually reporting,Estimated total,"Rate per 100,000 inhabitants","Norwich-New London, CT M.S.A.",146149,41.1,379.7,2.7,67.1,268.9,2456.4,538.5,1813.2,104.7
Total area actually reporting,Estimated total,"Rate per 100,000 inhabitants","Waco, TX M.S.A.",258233,44.1,343.5,2.7,70.5,226.2,3353.2,836.5,2388.5,128.2
Total area actually reporting,Estimated total,"Rate per 100,000 inhabitants","Grand Junction, CO M.S.A.",149245,91.1,311.6,2.7,36.2,181.6,2577.6,375.2,2077.8,124.6
Total area actually reporting,Estimated total,"Rate per 100,000 inhabitants","Reading, PA M.S.A.",413820,23.2,297,2.7,102.2,168.9,1882.2,456.7,1310,115.5
Total area actually reporting,Estimated total,"Rate per 100,000 inhabitants","McAllen-Edinburg-Mission, TX M.S.A.",819252,24,286.7,2.7,57.2,202.7,3694.5,783.3,2720.3,190.9
Total area actually reporting,Estimated total,"Rate per 100,000 inhabitants","Albany-Schenectady-Troy, NY M.S.A.",876869,14.9,266.6,2.7,81.7,167.3,2300.8,426.3,1800.4,74.1
Total area actually reporting,Estimated total,"Rate per 100,000 inhabitants","California-Lexington Park, MD M.S.A.",110294,5.4,219.4,2.7,56.2,155,2256.7,580.3,1568.5,107.9
Total area actually reporting,Estimated total,"Rate per 100,000 inhabitants","Raleigh, NC M.S.A.",1209877,12.7,219.3,2.7,67.8,136,2283.3,576.6,1600.9,105.8
Total area actually reporting,Estimated total,"Rate per 100,000 inhabitants","Chambersburg-Waynesboro, PA M.S.A.3",151646,23.1,151.7,2.6,52.8,73.2,1932.8,348.2,1525.9,58.7
Total area actually reporting,Estimated total,"Rate per 100,000 inhabitants","Vineland-Bridgeton, NJ M.S.A.",158281,25.9,539.5,2.5,241.3,269.8,4368.2,1127.7,3120.4,120
Total area actually reporting,Estimated total,"Rate per 100,000 inhabitants","Providence-Warwick, RI-MA M.S.A.",1604757,42.6,338.2,2.5,80.6,212.6,2359.5,547.1,1621,191.4
Total area actually reporting,Estimated total,"Rate per 100,000 inhabitants","Fayetteville-Springdale-Rogers, AR-MO M.S.A.",488051,54.3,334.6,2.5,18.6,259.2,2380.7,510.2,1768.5,102
Total area actually reporting,Estimated total,"Rate per 100,000 inhabitants","Manchester-Nashua, NH M.S.A.",403992,45.1,281.4,2.5,95.1,138.9,2309.5,409.4,1823.3,76.7
Total area actually reporting,Estimated total,"Rate per 100,000 inhabitants","Minneapolis-St. Paul-Bloomington, MN-WI M.S.A.",3455982,35.5,273.9,2.5,96.7,139.2,2594.9,435.5,1986.2,173.3
Total area actually reporting,Estimated total,"Rate per 100,000 inhabitants","Dover, DE M.S.A.",169725,54.2,456,2.4,86,313.4,2979.5,453.1,2418,108.4
Total area actually reporting,Estimated total,"Rate per 100,000 inhabitants","Bismarck, ND M.S.A.",124238,58,397.6,2.4,17.7,319.5,2303.6,450.7,1675,177.9
Total area actually reporting,Estimated total,"Rate per 100,000 inhabitants","Grand Rapids-Wyoming, MI M.S.A.",1012133,66.4,302,2.4,64.7,168.6,1954.2,442.8,1438.8,72.5
Total area actually reporting,Estimated total,"Rate per 100,000 inhabitants","Carbondale-Marion, IL M.S.A.",126687,21.3,297.6,2.4,53.7,220.2,2566.2,824.9,1630,111.3
Total area actually reporting,Estimated total,"Rate per 100,000 inhabitants","Billings, MT M.S.A.",164846,29.7,266.3,2.4,51,183.2,3998.3,731.6,2871.2,395.5
Total area actually reporting,Estimated total,"Rate per 100,000 inhabitants","Kokomo, IN M.S.A.",83108,21.7,262.3,2.4,81.8,156.4,2962.4,699.1,2109.3,154
Total area actually reporting,Estimated total,"Rate per 100,000 inhabitants","Sioux City, IA-NE-SD M.S.A.",169444,37.2,247.3,2.4,26.6,181.2,2756.1,487.5,2094.5,174.1
Total area actually reporting,Estimated total,"Rate per 100,000 inhabitants","Lake County-Kenosha County, IL-WI M.D.",869611,21.6,156.5,2.4,47.3,85.2,1704.4,331.9,1328.5,44
Total area actually reporting,Estimated total,"Rate per 100,000 inhabitants","Joplin, MO M.S.A.",174207,37.9,299.1,2.3,41.9,217,4354,832.9,3237,284.1
Total area actually reporting,Estimated total,"Rate per 100,000 inhabitants","Des Moines-West Des Moines, IA M.S.A.",596382,26.7,267.8,2.3,41.4,197.4,2764.7,592.9,1972.2,199.5
Total area actually reporting,Estimated total,"Rate per 100,000 inhabitants","Winchester, VA-WV M.S.A.",131881,46.3,185.8,2.3,31.1,106.2,1973.7,307.9,1571.1,94.8
Total area actually reporting,Estimated total,"Rate per 100,000 inhabitants","San Diego-Carlsbad, CA M.S.A.",3206175,20.8,348.6,2.2,95.3,230.3,2191.9,435.7,1404.6,351.6
Total area actually reporting,Estimated total,"Rate per 100,000 inhabitants","Flagstaff, AZ M.S.A.",136999,41.6,329.2,2.2,39.4,246,3043.1,345.3,2623.4,74.5
Total area actually reporting,Estimated total,"Rate per 100,000 inhabitants","Seattle-Tacoma-Bellevue, WA M.S.A.",3598765,31.6,323.5,2.2,112,177.8,4023.3,875.4,2639.6,508.3
Total area actually reporting,Estimated total,"Rate per 100,000 inhabitants","Idaho Falls, ID M.S.A.",137561,34.9,158.5,2.2,17.4,104,1837,388.9,1328.9,119.2
Total area actually reporting,Estimated total,"Rate per 100,000 inhabitants","Fort Smith, AR-OK M.S.A.",280934,45.9,399.4,2.1,41.3,310,3110.7,766.7,2193.4,150.6
Total area actually reporting,Estimated total,"Rate per 100,000 inhabitants","College Station-Bryan, TX M.S.A.",237174,32.9,371.5,2.1,51.4,285,2487.6,555.3,1848,84.3
Total area actually reporting,Estimated total,"Rate per 100,000 inhabitants","Bloomington, IL M.S.A.",189408,48,322.1,2.1,53.9,218,2083.3,449.8,1581.2,52.3
Total area actually reporting,Estimated total,"Rate per 100,000 inhabitants","Coeur d'Alene, ID M.S.A.",144225,55.5,318.3,2.1,21.5,239.2,2765.8,635.1,1972.6,158.1
Total area actually reporting,Estimated total,"Rate per 100,000 inhabitants","Odessa, TX M.S.A.",147448,39.3,806.4,2,120,645,4277.4,790.1,3050.6,436.8
Total area actually reporting,Estimated total,"Rate per 100,000 inhabitants","Mankato-North Mankato, MN M.S.A.",98755,37.5,181.3,2,39.5,102.3,2661.1,536.7,2020.2,104.3
Total area actually reporting,Estimated total,"Rate per 100,000 inhabitants","Niles-Benton Harbor, MI M.S.A.",155981,92.3,448.8,1.9,72.4,282.1,2735.6,716.8,1912.4,106.4
Total area actually reporting,Estimated total,"Rate per 100,000 inhabitants","Burlington, NC M.S.A.",155214,21.3,382.1,1.9,94.7,264.2,3201.4,844.6,2211.8,145
Total area actually reporting,Estimated total,"Rate per 100,000 inhabitants","Medford, OR M.S.A.",207927,34.6,352,1.9,63,252.5,3934.1,550.7,3241,142.4
Total area actually reporting,Estimated total,"Rate per 100,000 inhabitants","Bay City, MI M.S.A.",106781,111.4,295.9,1.9,27.2,155.5,2109,470.1,1532.1,106.8
Total area actually reporting,Estimated total,"Rate per 100,000 inhabitants","Seattle-Bellevue-Everett, WA M.D.",2779025,28.6,286.7,1.9,110.9,145.3,3977.3,826.2,2646.5,504.6
Total area actually reporting,Estimated total,"Rate per 100,000 inhabitants","Warren-Troy-Farmington Hills, MI M.D.",2510130,41.4,229.3,1.9,47.2,138.8,1689.8,351.6,1192.7,145.6
Total area actually reporting,Estimated total,"Rate per 100,000 inhabitants","Lynchburg, VA M.S.A.",256835,32.3,191.2,1.9,34.7,122.3,1603.4,287.3,1235.8,80.2
Total area actually reporting,Estimated total,"Rate per 100,000 inhabitants","The Villages, FL M.S.A.",104608,14.3,174.9,1.9,22.9,135.7,999,315.5,629,54.5
Total area actually reporting,Estimated total,"Rate per 100,000 inhabitants","San Luis Obispo-Paso Robles-Arroyo Grande, CA M.S.A.",276816,38.3,386.2,1.8,29.3,316.8,2242.6,593.2,1505.3,144.1
Total area actually reporting,Estimated total,"Rate per 100,000 inhabitants","Davenport-Moline-Rock Island, IA-IL M.S.A.",383796,37.8,361.4,1.8,64.4,257.4,2503.2,516.9,1886.4,99.8
Total area actually reporting,Estimated total,"Rate per 100,000 inhabitants","Santa Rosa, CA M.S.A.",494862,25.5,360.1,1.8,48.9,283.9,1660.7,364.5,1150.4,145.7
Total area actually reporting,Estimated total,"Rate per 100,000 inhabitants","Salt Lake City, UT M.S.A.",1141757,57.3,356.6,1.8,84.4,213.1,4348,681.4,3174.4,492.2
Total area actually reporting,Estimated total,"Rate per 100,000 inhabitants","Boston-Cambridge-Newton, MA-NH M.S.A.",4679143,28,354.5,1.8,95.4,229.3,1890.3,349.9,1411.5,129
Total area actually reporting,Estimated total,"Rate per 100,000 inhabitants","Bloomington, IN M.S.A.",163596,36.1,260.4,1.8,55,167.5,2693.2,571.5,1979.9,141.8
Total area actually reporting,Estimated total,"Rate per 100,000 inhabitants","Fargo, ND-MN M.S.A.",222166,41.9,255.7,1.8,31.1,180.9,2281.2,494.2,1662.7,124.2
Total area actually reporting,Estimated total,"Rate per 100,000 inhabitants","Bend-Redmond, OR M.S.A.",164183,28,221.7,1.8,25,166.9,2589.8,384.9,2097.1,107.8
Total area actually reporting,Estimated total,"Rate per 100,000 inhabitants","Madison, WI M.S.A.3",626047,26.5,217.1,1.8,58.9,129.9,2262.6,374.6,1818.7,69.3
Total area actually reporting,Estimated total,"Rate per 100,000 inhabitants","Charlottesville, VA M.S.A.",224663,39.6,191.4,1.8,43.2,106.8,1908.2,300.5,1530.7,77
Total area actually reporting,Estimated total,"Rate per 100,000 inhabitants","Nassau County-Suffolk County, NY M.D.",2856018,3.3,139.8,1.8,60,74.8,1429.1,208.3,1148.6,72.3
Total area actually reporting,Estimated total,"Rate per 100,000 inhabitants","Morristown, TN M.S.A.",115337,31.2,319.1,1.7,33.8,252.3,3017.2,570.5,2299.3,147.4
Total area actually reporting,Estimated total,"Rate per 100,000 inhabitants","Lancaster, PA M.S.A.3",528698,25,171.2,1.7,64.3,80.2,1862.1,329.3,1478,54.9
Total area actually reporting,Estimated total,"Rate per 100,000 inhabitants","Staunton-Waynesboro, VA M.S.A.",119067,43.7,167.1,1.7,21,100.8,1714.2,286.4,1363.1,64.7
Total area actually reporting,Estimated total,"Rate per 100,000 inhabitants","Kingston, NY M.S.A.",181804,17.1,161.7,1.7,28.6,114.4,1804.7,324.5,1449.9,30.3
Total area actually reporting,Estimated total,"Rate per 100,000 inhabitants","Worcester, MA-CT M.S.A.",852899,31.3,422.3,1.6,81.6,307.8,1996.7,513.7,1378.6,104.5
Total area actually reporting,Estimated total,"Rate per 100,000 inhabitants","Jonesboro, AR M.S.A.",125041,51.2,363.1,1.6,53.6,256.7,3547.6,1138,2312.8,96.8
Total area actually reporting,Estimated total,"Rate per 100,000 inhabitants","St. Joseph, MO-KS M.S.A.",128425,56.8,359.7,1.6,68.5,232.8,3969.6,814.5,2898.2,257
Total area actually reporting,Estimated total,"Rate per 100,000 inhabitants","Lincoln, NE M.S.A.",313545,48.5,328.8,1.6,68.3,210.5,3197.6,493.4,2600.3,104
Total area actually reporting,Estimated total,"Rate per 100,000 inhabitants","Kingsport-Bristol-Bristol, TN-VA M.S.A.",309240,36.5,315.6,1.6,23.9,253.5,2688.5,503.8,2064.7,120
Total area actually reporting,Estimated total,"Rate per 100,000 inhabitants","Altoona, PA M.S.A.",127076,28.3,213.3,1.6,26.8,156.6,1706.1,311.6,1336.2,58.2
Total area actually reporting,Estimated total,"Rate per 100,000 inhabitants","Anaheim-Santa Ana-Irvine, CA M.D.",3118731,13.6,193.7,1.6,63.9,114.6,1976.8,334,1410.9,231.9
Total area actually reporting,Estimated total,"Rate per 100,000 inhabitants","Laredo, TX M.S.A.",262936,30.4,430.9,1.5,80.2,318.7,4137.5,584.2,3404.6,148.7
Total area actually reporting,Estimated total,"Rate per 100,000 inhabitants","Bridgeport-Stamford-Norwalk, CT M.S.A.",921059,19,244.5,1.5,102.4,121.6,1619.7,320.8,1155.6,143.2
Total area actually reporting,Estimated total,"Rate per 100,000 inhabitants","Cedar Rapids, IA M.S.A.",263588,28.1,204.5,1.5,37.6,137.3,2355.9,529.2,1682.6,144.2
Total area actually reporting,Estimated total,"Rate per 100,000 inhabitants","Lebanon, PA M.S.A.",135689,10.3,179.1,1.5,70.8,96.5,1837.3,278.6,1510.1,48.6
Total area actually reporting,Estimated total,"Rate per 100,000 inhabitants","La Crosse-Onalaska, WI-MN M.S.A.3",135914,19.1,122.9,1.5,21.3,80.9,1844.5,325.9,1467.1,51.5
Total area actually reporting,Estimated total,"Rate per 100,000 inhabitants","Wausau, WI M.S.A.",135041,12.6,93.3,1.5,13.3,65.9,1544.7,345.8,1158.9,40
Total area actually reporting,Estimated total,"Rate per 100,000 inhabitants","Rapid City, SD M.S.A.",140926,73.8,366.9,1.4,35.5,256.2,2440.3,575.5,1732.8,132
Total area actually reporting,Estimated total,"Rate per 100,000 inhabitants","El Paso, TX M.S.A.",842271,28,347.3,1.4,58.9,258.9,2176.4,280.7,1781.6,114.1
Total area actually reporting,Estimated total,"Rate per 100,000 inhabitants","Santa Maria-Santa Barbara, CA M.S.A.",434144,35.2,326.2,1.4,65.6,223.9,2262.8,518,1480.8,264
Total area actually reporting,Estimated total,"Rate per 100,000 inhabitants","Napa, CA M.S.A.",139982,26.4,297.9,1.4,59.3,210.7,1838.8,432.2,1237.3,169.3
Total area actually reporting,Estimated total,"Rate per 100,000 inhabitants","Portland-Vancouver-Hillsboro, OR-WA M.S.A.",2315358,30.9,250.9,1.4,73.5,145.2,2991.4,475.2,2219.4,296.8
Total area actually reporting,Estimated total,"Rate per 100,000 inhabitants","Lafayette-West Lafayette, IN M.S.A.",208478,28.8,250.4,1.4,41.7,178.4,2720.7,555.5,2015.6,149.7
Total area actually reporting,Estimated total,"Rate per 100,000 inhabitants","Erie, PA M.S.A.",280450,31.7,245,1.4,81.3,130.5,2385.1,610.1,1713,62
Total area actually reporting,Estimated total,"Rate per 100,000 inhabitants","Prescott, AZ M.S.A.",214243,24.3,245,1.4,14.5,204.9,2001,417.3,1474,109.7
Total area actually reporting,Estimated total,"Rate per 100,000 inhabitants","Dalton, GA M.S.A.",142901,23.1,240.7,1.4,23.1,193.1,2791.4,614.4,2014.7,162.4
Total area actually reporting,Estimated total,"Rate per 100,000 inhabitants","Brownsville-Harlingen, TX M.S.A.",419944,30,240.3,1.4,58.1,150.7,3534.8,657.5,2759.2,118.1
Total area actually reporting,Estimated total,"Rate per 100,000 inhabitants","Duluth, MN-WI M.S.A.",280163,43.2,233.4,1.4,41,147.8,3404.1,621.8,2628.8,153.5
Total area actually reporting,Estimated total,"Rate per 100,000 inhabitants","Elgin, IL M.D.",628978,23.8,176.2,1.4,34.5,116.4,1518.7,237.8,1238.8,42
Total area actually reporting,Estimated total,"Rate per 100,000 inhabitants","St. George, UT M.S.A.2",147923,39.2,140.6,1.4,11.5,88.6,0,0,1399.4,79.8
Total area actually reporting,Estimated total,"Rate per 100,000 inhabitants","Jefferson City, MO M.S.A.",150542,12.6,283,1.3,35.9,233.2,2154.2,471,1606.2,77.1
Total area actually reporting,Estimated total,"Rate per 100,000 inhabitants","Ogden-Clearfield, UT M.S.A.2",620648,53,164,1.3,29.8,79.9,0,0,1871.3,142.8
Total area actually reporting,Estimated total,"Rate per 100,000 inhabitants","Elizabethtown-Fort Knox, KY M.S.A.",150699,23.2,78.3,1.3,15.3,38.5,1483.1,344.4,1088.3,50.4
Total area actually reporting,Estimated total,"Rate per 100,000 inhabitants","Sioux Falls, SD M.S.A.",241643,65.8,291.8,1.2,28.1,196.6,2367.1,472.2,1763.8,131.2
Total area actually reporting,Estimated total,"Rate per 100,000 inhabitants","Pocatello, ID M.S.A.",84482,28.4,286.5,1.2,35.5,221.3,2947.4,409.6,2419.5,118.4
Total area actually reporting,Estimated total,"Rate per 100,000 inhabitants","Bloomsburg-Berwick, PA M.S.A.",85071,21.2,251.6,1.2,12.9,216.3,1753.8,389.1,1327.1,37.6
Total area actually reporting,Estimated total,"Rate per 100,000 inhabitants","Janesville-Beloit, WI M.S.A.",160586,43,229.2,1.2,43.6,141.4,2482.2,559.8,1848.9,73.5
Total area actually reporting,Estimated total,"Rate per 100,000 inhabitants","Grand Island, NE M.S.A.",84159,48.7,185.4,1.2,11.9,123.6,3445.9,808,2485.8,152.1
Total area actually reporting,Estimated total,"Rate per 100,000 inhabitants","Portland-South Portland, ME M.S.A.",518977,29.3,145.9,1.2,34.3,81.1,2270,437.4,1767.5,65.1
Total area actually reporting,Estimated total,"Rate per 100,000 inhabitants","Bowling Green, KY M.S.A.",163437,44.1,144.4,1.2,46.5,52.6,2318.3,474.2,1735.8,108.3
Total area actually reporting,Estimated total,"Rate per 100,000 inhabitants","Montgomery County-Bucks County-Chester County, PA M.D.",1946242,14.5,139.4,1.2,49.5,74.1,1702.2,258.7,1380.4,63.1
Total area actually reporting,Estimated total,"Rate per 100,000 inhabitants","Eau Claire, WI M.S.A.",164463,20.7,124.6,1.2,14,88.8,1687.3,288.8,1345,53.5
Total area actually reporting,Estimated total,"Rate per 100,000 inhabitants","El Centro, CA M.S.A.",177955,16.9,304.6,1.1,61.8,224.8,3317.1,806.4,2183.7,327
Total area actually reporting,Estimated total,"Rate per 100,000 inhabitants","Olympia-Tumwater, WA M.S.A.3",260949,29.1,198.5,1.1,38.7,129.5,2685.6,765.7,1742.9,177
Total area actually reporting,Estimated total,"Rate per 100,000 inhabitants","Eugene, OR M.S.A.",356321,29.5,193.9,1.1,67.9,95.4,3704.8,716.2,2706.3,282.3
Total area actually reporting,Estimated total,"Rate per 100,000 inhabitants","Silver Spring-Frederick-Rockville, MD M.D.",1258323,12.2,189.4,1.1,75.7,100.4,1620.7,275.8,1260.5,84.5
Total area actually reporting,Estimated total,"Rate per 100,000 inhabitants","Blacksburg-Christiansburg-Radford, VA M.S.A.",179521,44,174.9,1.1,11.1,118.6,1925.1,310.8,1556.9,57.4
Total area actually reporting,Estimated total,"Rate per 100,000 inhabitants","Provo-Orem, UT M.S.A.",561483,27.4,70.2,1.1,8.7,32.9,1876.3,230.8,1564.4,81
Total area actually reporting,Estimated total,"Rate per 100,000 inhabitants","Longview, WA M.S.A.",102169,98.9,354.3,1,59.7,194.8,3970.9,890.7,2798.3,281.9
Total area actually reporting,Estimated total,"Rate per 100,000 inhabitants","Athens-Clarke County, GA M.S.A.",197437,26.3,272,1,67.9,176.8,3079.5,701,2239.7,138.8
Total area actually reporting,Estimated total,"Rate per 100,000 inhabitants","Grand Forks, ND-MN M.S.A.",100500,53.7,209,1,26.9,127.4,2129.4,349.3,1672.6,107.5
Total area actually reporting,Estimated total,"Rate per 100,000 inhabitants","Cheyenne, WY M.S.A.",95635,20.9,207,1,13.6,171.5,2745.9,461.1,2163.4,121.3
Total area actually reporting,Estimated total,"Rate per 100,000 inhabitants","Fond du Lac, WI M.S.A.",101960,39.2,196.2,1,16.7,139.3,1619.3,245.2,1329,45.1
Total area actually reporting,Estimated total,"Rate per 100,000 inhabitants","Racine, WI M.S.A.",194711,14.9,181.8,1,101.2,64.7,2466.2,758,1633.2,75
Total area actually reporting,Estimated total,"Rate per 100,000 inhabitants","St. Cloud, MN M.S.A.",191531,46.5,168.1,1,26.1,94.5,2436.7,315.9,1990.3,130.5
Total area actually reporting,Estimated total,"Rate per 100,000 inhabitants","Barnstable Town, MA M.S.A.",215847,41.2,436,0.9,36.1,357.7,2410.5,827,1491.3,92.2
Total area actually reporting,Estimated total,"Rate per 100,000 inhabitants","Lawrence, KS M.S.A.",113372,50.3,327.2,0.9,66.2,209.9,3662.3,548.6,2940.8,172.9
Total area actually reporting,Estimated total,"Rate per 100,000 inhabitants","Missoula, MT M.S.A.",112051,41.9,268.6,0.9,35.7,190.1,3040.6,452.5,2436.4,151.7
Total area actually reporting,Estimated total,"Rate per 100,000 inhabitants","Cambridge-Newton-Framingham, MA M.D.",2313211,19.7,263.8,0.9,60.5,182.7,1700.1,312.7,1260.6,126.8
Total area actually reporting,Estimated total,"Rate per 100,000 inhabitants","Boise City, ID M.S.A.",647858,48.3,224.3,0.9,13,162.1,1700.7,355.5,1263.5,81.7
Total area actually reporting,Estimated total,"Rate per 100,000 inhabitants","Lewiston-Auburn, ME M.S.A.",107469,42.8,144.2,0.9,33.5,67,2720.8,654.1,1974.5,92.1
Total area actually reporting,Estimated total,"Rate per 100,000 inhabitants","Sheboygan, WI M.S.A.",114951,23.5,141.8,0.9,16.5,100.9,1793.8,227.1,1513.7,53.1
Total area actually reporting,Estimated total,"Rate per 100,000 inhabitants","Cleveland, TN M.S.A.",118551,31.2,437.8,0.8,31.2,374.5,3150.5,702.7,2251.4,196.5
Total area actually reporting,Estimated total,"Rate per 100,000 inhabitants","Pittsfield, MA M.S.A.",129977,57.7,294.7,0.8,40.8,195.4,2472,782.4,1611.8,77.7
Total area actually reporting,Estimated total,"Rate per 100,000 inhabitants","Bremerton-Silverdale, WA M.S.A.",256890,46.3,275.2,0.8,40.9,187.2,2946.4,751.7,1995.4,199.3
Total area actually reporting,Estimated total,"Rate per 100,000 inhabitants","New Bern, NC M.S.A.",128857,24.8,274.7,0.8,54.3,194.8,3049.1,1154.8,1783.4,111
Total area actually reporting,Estimated total,"Rate per 100,000 inhabitants","San Rafael, CA M.D.",257458,18.6,190.7,0.8,52.8,118.5,1946.7,525.9,1168.7,252.1
Total area actually reporting,Estimated total,"Rate per 100,000 inhabitants","Mansfield, OH M.S.A.",122427,40,190.3,0.8,90.7,58.8,4718.7,1370.6,3246,102.1
Total area actually reporting,Estimated total,"Rate per 100,000 inhabitants","Harrisonburg, VA M.S.A.",129689,26.2,128,0.8,13.1,87.9,1559.1,278.4,1236,44.7
Total area actually reporting,Estimated total,"Rate per 100,000 inhabitants","Glens Falls, NY M.S.A.",128459,12.5,98.1,0.8,10.1,74.7,1596.6,267.8,1304.7,24.1
Total area actually reporting,Estimated total,"Rate per 100,000 inhabitants","Albany, OR M.S.A.",119155,15.1,81.4,0.8,37.8,27.7,3372.1,629.4,2497.6,245.1
Total area actually reporting,Estimated total,"Rate per 100,000 inhabitants","Logan, UT-ID M.S.A.",129858,25.4,55.4,0.8,0,29.3,1179,197.1,944.9,37
Total area actually reporting,Estimated total,"Rate per 100,000 inhabitants","Greeley, CO M.S.A.",268670,44.3,295.9,0.7,30.9,220,1971.6,330.9,1509.7,131
Total area actually reporting,Estimated total,"Rate per 100,000 inhabitants","Morgantown, WV M.S.A.",135362,48,271.9,0.7,36.9,186.2,1702.8,382.7,1241.9,78.3
Total area actually reporting,Estimated total,"Rate per 100,000 inhabitants","Rockingham County-Strafford County, NH M.D.",423527,46.3,168.3,0.7,30.9,90.4,2001.8,291.4,1645,65.4
Total area actually reporting,Estimated total,"Rate per 100,000 inhabitants","Abilene, TX M.S.A.",168117,25.6,333.1,0.6,76.1,230.8,3284.6,787,2324,173.7
Total area actually reporting,Estimated total,"Rate per 100,000 inhabitants","Kahului-Wailuku-Lahaina, HI M.S.A.",159652,28.2,281.9,0.6,60.8,192.3,3572.8,593.8,2702.1,276.9
Total area actually reporting,Estimated total,"Rate per 100,000 inhabitants","Punta Gorda, FL M.S.A.",163934,23.8,237.9,0.6,21.4,192.2,2079.5,478.2,1531.7,69.5
Total area actually reporting,Estimated total,"Rate per 100,000 inhabitants","Boulder, CO M.S.A.",310333,52.2,212,0.6,23.8,135.3,2281.1,397,1776.8,107.3
Total area actually reporting,Estimated total,"Rate per 100,000 inhabitants","Green Bay, WI M.S.A.",312769,24.3,205.9,0.6,33.6,147.4,1812.5,327.4,1430.4,54.7
Total area actually reporting,Estimated total,"Rate per 100,000 inhabitants","Fort Collins, CO M.S.A.",315907,43.7,204.5,0.6,20.9,139.3,2156.3,295.7,1782.5,78.2
Total area actually reporting,Estimated total,"Rate per 100,000 inhabitants","Daphne-Fairhope-Foley, AL M.S.A.",193322,24.8,220.9,0.5,34.7,160.9,2530.5,485.7,1939.3,105.5
Total area actually reporting,Estimated total,"Rate per 100,000 inhabitants","Appleton, WI M.S.A.",229465,16.6,124.2,0.4,8.3,98.9,1385,200,1155.3,29.6
Total area actually reporting,Estimated total,"Rate per 100,000 inhabitants","Fairbanks, AK M.S.A.",34741,100.7,682.2,0,118,463.4,4113.3,359.8,3425.3,328.1
Total area actually reporting,Estimated total,"Rate per 100,000 inhabitants","Iowa City, IA M.S.A.",160439,54.8,294.8,0,44.3,195.7,1981.4,359,1537,85.4
Total area actually reporting,Estimated total,"Rate per 100,000 inhabitants","Parkersburg-Vienna, WV M.S.A.",92396,40,291.1,0,15.2,235.9,2453.6,633.1,1716.5,103.9
Total area actually reporting,Estimated total,"Rate per 100,000 inhabitants","Muncie, IN M.S.A.",117579,28.9,274.7,0,85,160.7,3146.8,595.3,2399.2,152.2
Total area actually reporting,Estimated total,"Rate per 100,000 inhabitants","Ocean City, NJ M.S.A. ",96133,22.9,261.1,0,66.6,171.6,4114.1,878,3166.4,69.7
Total area actually reporting,Estimated total,"Rate per 100,000 inhabitants","Great Falls, MT M.S.A.",82197,42.6,223.9,0,23.1,158.2,3585.3,548.7,2888.2,148.4
Total area actually reporting,Estimated total,"Rate per 100,000 inhabitants","Lewiston, ID-WA M.S.A.",61820,17.8,182.8,0,34,131,3316.1,689.1,2476.5,150.4
Total area actually reporting,Estimated total,"Rate per 100,000 inhabitants","Elmira, NY M.S.A.",89040,7.9,169.6,0,41.6,120.2,2300.1,394.2,1875.6,30.3
Total area actually reporting,Estimated total,"Rate per 100,000 inhabitants","Dubuque, IA M.S.A.",95753,16.7,159.8,0,38.6,104.4,1978,502.3,1391.1,84.6
Total area actually reporting,Estimated total,"Rate per 100,000 inhabitants","Oshkosh-Neenah, WI M.S.A.",169484,11.8,159.3,0,17.1,130.4,1721.1,253.1,1425.5,42.5
Total area actually reporting,Estimated total,"Rate per 100,000 inhabitants","Ames, IA M.S.A.",91897,52.2,152.3,0,16.3,83.8,2120.9,360.2,1698.6,62
Total area actually reporting,Estimated total,"Rate per 100,000 inhabitants","Rochester, MN M.S.A.",211141,30.8,142.6,0,26.5,85.3,1649.6,338.2,1243.2,68.2
Total area actually reporting,Estimated total,"Rate per 100,000 inhabitants","Owensboro, KY M.S.A.",116530,48.1,138.2,0,44.6,45.5,2220.9,454,1657.9,109
Total area actually reporting,Estimated total,"Rate per 100,000 inhabitants","Corvallis, OR M.S.A.",86952,15,119.6,0,28.8,75.9,2552,333.5,2126.5,92
Total area actually reporting,Estimated total,"Rate per 100,000 inhabitants","Watertown-Fort Drum, NY M.S.A.",121663,11.5,117.5,0,14.8,91.2,1898.7,286,1545.3,67.4
Total area actually reporting,Estimated total,"Rate per 100,000 inhabitants","Gettysburg, PA M.S.A.3",101443,24.6,98.6,0,16.8,57.2,1264.7,286.9,938.5,39.4
Total area actually reporting,Estimated total,"Rate per 100,000 inhabitants","State College, PA M.S.A.",155409,23.8,92.7,0,14.8,54.1,1394.4,203.3,1173.7,17.4
